Wall time,Step,Value
1592886789.163209,0,0.3512071967124939
1592888086.568652,1,0.3520576059818268
1592889376.132762,2,0.3523256778717041
1592890653.479289,3,0.35268616676330566
1592891949.372956,4,0.352510541677475
