Wall time,Step,Value
1592886789.162617,0,0.572588324546814
1592888086.56815,1,0.5471879839897156
1592889376.132147,2,0.5437234044075012
1592890653.47875,3,0.5455417633056641
1592891949.372469,4,0.5509436726570129
